node,avg_spread
0,7.015
1,1.324
2,1.155
3,1.456
4,1.136
5,1.195
6,1.147
7,1.554
8,1.156
9,2.156
10,1.345
11,1.063
12,1.085
13,1.787
14,1.433
15,1.02
16,1.166
17,1.184
18,1.062
19,1.28
20,1.251
21,2.711
22,1.231
23,1.213
24,1.222
25,2.083
26,2.448
27,1.103
28,1.214
29,1.185
30,1.323
31,1.382
32,1.083
33,1.082
34,1.148
35,1.057
36,1.215
37,1.07
38,1.231
39,1.241
40,1.896
41,1.36
42,1.026
43,1.046
44,1.372
45,1.202
46,1.085
47,1.099
48,1.36
49,1.064
50,1.212
51,1.131
52,1.055
53,1.421
54,1.14
55,1.399
56,2.613
57,1.389
58,2.393
59,1.36
60,1.198
61,1.078
62,1.383
63,1.203
64,1.117
65,1.248
66,1.336
67,2.379
68,1.159
69,1.225
70,1.064
71,1.083
72,1.499
73,1.143
74,1.042
75,1.23
76,1.094
77,1.118
78,1.181
79,1.283
80,1.288
81,1.064
82,1.533
83,1.292
84,1.272
85,1.267
86,1.101
87,1.396
88,1.347
89,1.141
90,1.064
91,1.123
92,1.324
93,1.141
94,1.319
95,1.13
96,1.123
97,1.1
98,2.036
99,1.182
100,1.13
101,1.247
102,1.155
103,1.72
104,1.652
105,1.279
106,1.176
107,73.415
108,1.221
109,1.809
110,1.126
111,1.238
112,1.062
113,1.748
114,1.105
115,1.294
116,1.227
117,1.241
118,1.597
119,1.88
120,1.649
121,1.182
122,2.308
123,1.364
124,1.193
125,1.547
126,1.104
127,1.264
128,1.551
129,1.145
130,1.241
131,1.132
132,1.341
133,1.337
134,1.402
135,1.157
136,33.687
137,1.253
138,1.114
139,1.163
140,1.174
141,1.45
142,2.011
143,1.198
144,1.246
145,1.071
146,1.88
147,1.134
148,1.369
149,1.205
150,1.175
151,1.135
152,1.097
153,1.137
154,1.064
155,1.106
156,1.843
157,1.089
158,1.433
159,1.201
160,1.082
161,1.486
162,1.164
163,1.112
164,1.098
165,1.236
166,1.047
167,1.156
168,1.242
169,1.974
170,1.751
171,1.687
172,1.856
173,1.249
174,1.033
175,1.274
176,1.413
177,1.168
178,1.272
179,1.072
180,1.302
181,1.311
182,1.123
183,1.045
184,1.308
185,1.64
186,1.734
187,1.227
188,1.697
189,1.17
190,1.074
191,1.206
192,1.11
193,1.134
194,1.595
195,1.118
196,1.195
197,1.221
198,1.327
199,1.945
200,1.939
201,1.095
202,1.069
203,1.969
204,1.335
205,1.065
206,1.109
207,1.082
208,1.156
209,1.078
210,1.094
211,1.696
212,1.331
213,2.537
214,1.225
215,1.077
216,1.076
217,1.135
218,1.133
219,1.254
220,1.073
221,1.17
222,1.386
223,1.779
224,1.519
225,1.17
226,1.204
227,1.196
228,1.088
229,1.147
230,1.126
231,1.315
232,1.473
233,1.084
234,1.073
235,1.12
236,1.634
237,1.133
238,1.439
239,2.083
240,1.09
241,1.177
242,1.531
243,1.165
244,1.07
245,1.14
246,1.787
247,1.057
248,1.367
249,1.377
250,1.143
251,1.209
252,2.148
253,1.1
254,1.293
255,1.055
256,1.038
257,1.514
258,1.276
259,1.113
260,1.259
261,1.643
262,1.104
263,1.128
264,1.114
265,1.602
266,1.272
267,1.07
268,1.206
269,1.138
270,1.087
271,2.454
272,1.737
273,1.135
274,1.241
275,1.14
276,1.37
277,2.498
278,1.145
279,1.072
280,2.146
281,1.305
282,1.026
283,1.118
284,1.241
285,2.318
286,1.043
287,1.049
288,1.139
289,1.116
290,1.513
291,1.631
292,1.037
293,1.073
294,1.08
295,1.23
296,1.131
297,1.492
298,1.18
299,1.272
300,1.124
301,1.107
302,1.332
303,1.411
304,2.357
305,1.223
306,1.141
307,1.09
308,1.797
309,1.146
310,1.181
311,1.155
312,1.338
313,1.602
314,1.202
315,2.41
316,1.077
317,1.163
318,1.227
319,1.185
320,1.275
321,1.058
322,2.216
323,1.844
324,1.763
325,1.945
326,1.252
327,1.139
328,1.155
329,1.469
330,1.251
331,1.35
332,1.712
333,1.224
334,1.52
335,1.077
336,1.079
337,1.12
338,1.181
339,2.031
340,1.132
341,1.296
342,1.848
343,1.261
344,1.172
345,1.331
346,1.369
347,1.153
348,5.727
414,5.09
428,7.519
1684,16.987
1912,142.679
2814,1.269
2838,1.244
2885,1.644
3003,1.215
3173,1.453
3290,1.276
353,5.218
363,4.164
366,5.702
376,5.275
389,2.748
420,2.661
475,6.531
483,10.127
484,7.157
517,5.5
526,12.834
538,4.2
563,4.529
566,5.596
580,4.739
596,3.784
601,2.678
606,6.592
629,1.958
637,7.237
641,4.924
649,1.921
651,4.51
896,7.846
897,19.39
898,2.411
899,1.744
900,1.815
901,2.379
902,3.481
903,1.996
904,1.506
905,2.085
906,24.629
907,4.755
908,3.235
909,1.631
910,2.055
911,1.359
912,1.91
913,7.088
914,2.435
915,3.247
916,41.158
917,7.024
918,1.56
919,2.922
920,4.336
921,35.752
922,9.978
923,2.508
924,2.781
925,43.047
926,8.634
927,25.393
928,1.439
929,1.996
930,3.659
931,2.594
932,18.622
933,3.421
934,32.274
935,1.758
936,2.835
937,1.34
938,2.549
939,2.845
940,1.859
941,4.556
942,4.543
943,2.362
944,2.817
945,1.85
946,47.52
947,37.369
948,3.39
949,2.895
950,2.549
951,2.451
952,28.649
953,33.854
954,3.883
955,1.781
956,1.814
957,4.506
958,2.404
959,13.035
960,29.334
961,2.809
962,3.101
963,2.239
964,2.832
965,2.331
966,35.978
967,32.348
968,6.673
969,3.301
970,2.078
971,2.473
972,9.391
973,3.068
974,1.909
975,3.622
976,2.978
977,2.378
978,31.124
979,1.739
980,35.146
981,3.769
982,24.728
983,21.286
984,3.758
985,1.507
986,1.973
987,2.32
988,3.418
989,3.185
990,1.976
991,3.496
992,2.309
993,41.036
994,2.705
995,17.96
996,2.313
997,29.483
998,2.824
999,26.154
1000,2.209
1001,4.9
1002,1.725
1003,27.25
1004,38.603
1005,2.179
1006,38.928
1007,2.123
1008,2.057
1009,4.08
1010,2.511
1011,1.895
1012,4.254
1013,3.205
1014,5.282
1015,3.132
1016,1.744
1017,46.229
1018,4.519
1019,4.822
1020,3.941
1021,4.201
1022,2.108
1023,2.741
1024,26.61
1025,3.554
1026,24.45
1027,1.356
1028,25.575
1029,20.69
1030,1.997
1031,2.049
1032,5.053
1033,1.844
1034,1.679
1035,2.791
1036,4.02
1037,3.185
1038,2.197
1039,9.879
1040,20.415
1041,3.001
1042,1.792
1043,1.618
1044,3.452
1045,1.907
1046,1.756
1047,21.219
1048,29.348
1049,24.392
1050,2.358
1051,3.716
1052,4.182
1053,1.478
1054,17.116
1055,2.762
1056,19.647
1057,1.462
1058,2.295
1059,46.726
1060,4.901
1061,1.598
1062,2.129
1063,10.412
1064,2.778
1065,1.564
1066,4.496
1067,5.023
1068,16.312
1069,8.448
1070,4.048
1071,1.816
1072,2.116
1073,2.698
1074,19.306
1075,24.737
1076,39.133
1077,3.761
1078,51.743
1079,36.949
1080,5.604
1081,2.89
1082,4.452
1083,33.268
1084,5.525
1085,3.318
1086,46.296
1087,1.77
1088,2.127
1089,1.958
1090,2.259
1091,8.151
1092,18.37
1093,1.929
1094,2.243
1095,3.557
1096,1.742
1097,3.138
1098,1.774
1099,4.384
1100,4.37
1101,36.63
1102,4.432
1103,1.475
1104,6.951
1105,1.545
1106,2.318
1107,41.719
1108,4.09
1109,2.482
1110,17.644
1111,2.254
1112,16.116
1113,3.052
1114,3.331
1115,3.065
1116,11.479
1117,40.062
1118,2.409
1119,1.867
1120,3.288
1121,2.657
1122,3.565
1123,22.258
1124,36.425
1125,38.32
1126,50.452
1127,2.268
1128,30.761
1129,3.519
1130,22.181
1131,2.757
1132,40.828
1133,2.931
1134,1.947
1135,23.478
1136,2.539
1137,3.036
1138,1.817
1139,2.271
1140,2.49
1141,2.295
1142,2.982
1143,2.975
1144,1.619
1145,1.376
1146,42.077
1147,1.872
1148,4.906
1149,33.018
1150,1.701
1151,1.899
1152,3.057
1153,43.309
1154,1.516
1155,5.143
1156,30.443
1157,2.112
1158,5.339
1159,4.052
1160,25.689
1161,2.84
1162,2.146
1163,33.347
1164,10.116
1165,3.216
1166,3.915
1167,3.106
1168,2.206
1169,2.192
1170,3.621
1171,4.315
1172,36.358
1173,29.966
1174,1.628
1175,34.364
1176,1.892
1177,2.163
1178,2.615
1179,3.537
1180,15.836
1181,30.686
1182,22.881
1183,3.094
1184,45.214
1185,42.503
1186,2.196
1187,2.4
1188,2.506
1189,2.79
1190,3.199
1191,32.323
1192,6.359
1193,2.202
1194,1.899
1195,17.19
1196,8.159
1197,2.895
1198,30.198
1199,57.585
1200,1.844
1201,22.096
1202,2.012
1203,1.806
1204,7.102
1205,29.057
1206,1.3
1207,25.754
1208,2.067
1209,26.26
1210,3.566
1211,46.038
1212,2.227
1213,2.529
1214,32.85
1215,3.182
1216,2.389
1217,5.219
1218,1.733
1219,21.48
1220,4.207
1221,4.429
1222,40.485
1223,3.483
1224,1.63
1225,2.835
1226,2.671
1227,4.674
1228,2.466
1229,4.03
1230,37.08
1231,5.413
1232,2.009
1233,1.459
1234,1.982
1235,6.787
1236,3.146
1237,7.43
1238,38.514
1239,4.823
1240,1.869
1241,2.68
1242,27.191
1243,31.909
1244,1.76
1245,4.988
1246,2.837
1247,2.625
1248,1.857
1249,2.284
1250,37.278
1251,1.607
1252,1.849
1253,1.762
1254,1.955
1255,38.55
1256,34.988
1257,3.306
1258,3.634
1259,3.537
1260,3.02
1261,4.677
1262,1.522
1263,2.406
1264,1.88
1265,9.072
1266,2.05
1267,39.467
1268,1.819
1269,36.789
1270,1.624
1271,29.281
1272,27.72
1273,5.154
1274,2.522
1275,4.496
1276,2.222
1277,5.975
1278,12.068
1279,4.613
1280,22.975
1281,3.128
1282,4.185
1283,5.041
1284,5.036
1285,19.855
1286,2.507
1287,23.905
1288,27.774
1289,29.271
1290,25.935
1291,36.363
1292,4.514
1293,18.942
1294,2.455
1295,1.129
1296,2.492
1297,2.077
1298,4.867
1299,3.45
1300,4.158
1301,1.301
1302,36.159
1303,3.892
1304,3.271
1305,27.884
1306,2.582
1307,2.588
1308,2.521
1309,3.632
1310,2.167
1311,2.622
1312,25.849
1313,2.849
1314,2.963
1315,3.139
1316,3.604
1317,3.396
1318,4.038
1319,2.18
1320,4.629
1321,4.82
1322,5.186
1323,26.144
1324,4.154
1325,2.409
1326,1.766
1327,11.842
1328,1.928
1329,39.464
1330,37.679
1331,42.419
1332,3.167
1333,2.471
1334,27.958
1335,38.052
1336,19.871
1337,3.799
1338,4.179
1339,32.296
1340,21.025
1341,37.26
1342,2.536
1343,4.905
1344,29.093
1345,5.926
1346,2.828
1347,5.604
1348,2.607
1349,2.743
1350,4.22
1351,25.885
1352,55.397
1353,1.518
1354,1.691
1355,3.459
1356,2.56
1357,3.679
1358,5.703
1359,24.417
1360,2.552
1361,39.843
1362,2.018
1363,2.588
1364,2.12
1365,17.898
1366,4.689
1367,47.157
1368,1.727
1369,11.591
1370,35.519
1371,2.192
1372,2.701
1373,3.976
1374,2.829
1375,23.487
1376,50.436
1377,49.276
1378,2.856
1379,3.043
1380,26.944
1381,3.579
1382,4.433
1383,1.815
1384,2.156
1385,2.593
1386,1.933
1387,1.736
1388,26.658
1389,16.829
1390,48.943
1391,46.842
1392,4.101
1393,19.196
1394,1.528
1395,1.853
1396,3.751
1397,2.641
1398,16.519
1399,50.009
1400,2.315
1401,5.485
1402,24.467
1403,1.843
1404,4.469
1405,9.106
1406,2.596
1407,10.612
1408,3.234
1409,32.461
1410,2.961
1411,3.298
1412,2.176
1413,4.038
1414,2.096
1415,3.029
1416,33.595
1417,2.417
1418,3.539
1419,3.148
1420,41.394
1421,2.133
1422,4.548
1423,4.907
1424,2.274
1425,3.684
1426,4.114
1427,4.622
1428,2.709
1429,4.4
1430,1.791
1431,53.612
1432,4.106
1433,2.245
1434,3.087
1435,10.739
1436,4.681
1437,15.708
1438,3.001
1439,10.234
1440,5.42
1441,3.907
1442,2.268
1443,2.35
1444,5.238
1445,2.135
1446,3.582
1447,41.668
1448,3.995
1449,28.028
1450,2.796
1451,3.508
1452,1.712
1453,3.378
1454,4.21
1455,1.882
1456,36.036
1457,20.597
1458,9.751
1459,5.663
1460,14.588
1461,1.957
1462,5.727
1463,5.357
1464,1.995
1465,42.342
1466,1.764
1467,35.316
1468,2.212
1469,2.783
1470,19.945
1471,47.806
1472,3.826
1473,4.649
1474,2.036
1475,5.434
1476,1.889
1477,2.017
1478,2.021
1479,5.859
1480,25.872
1481,2.051
1482,3.094
1483,29.242
1484,7.768
1485,14.101
1486,1.559
1487,7.897
1488,39.227
1489,2.626
1490,2.679
1491,39.883
1492,1.793
1493,2.048
1494,1.766
1495,4.824
1496,3.123
1497,7.645
1498,2.243
1499,1.626
1500,3.143
1501,4.998
1502,4.338
1503,2.632
1504,2.635
1505,3.718
1506,2.433
1507,3.43
1508,3.148
1509,40.041
1510,1.59
1511,2.505
1512,2.695
1513,15.089
1514,3.554
1515,4.416
1516,44.346
1517,14.563
1518,3.249
1519,8.371
1520,35.955
1521,1.621
1522,45.27
1523,20.697
1524,16.003
1525,5.436
1526,2.126
1527,2.523
1528,22.004
1529,3.929
1530,37.249
1531,2.052
1532,13.463
1533,1.903
1534,3.821
1535,22.797
1536,4.442
1537,4.269
1538,23.968
1539,29.489
1540,18.389
1541,3.002
1542,19.517
1543,3.53
1544,3.026
1545,3.067
1546,2.655
1547,39.577
1548,2.475
1549,3.081
1550,3.608
1551,47.327
1552,1.714
1553,6.698
1554,46.576
1555,2.62
1556,8.885
1557,41.666
1558,1.479
1559,47.528
1560,1.521
1561,4.698
1562,3.263
1563,37.076
1564,2.708
1565,3.094
1566,2.029
1567,2.775
1568,2.578
1569,3.499
1570,35.445
1571,19.277
1572,13.422
1573,5.398
1574,4.045
1575,3.175
1576,5.15
1577,55.891
1578,3.964
1579,1.526
1580,25.967
1581,2.052
1582,3.449
1583,6.491
1584,50.581
1585,3.332
1586,1.636
1587,4.328
1588,1.985
1589,49.513
1590,27.794
1591,5.631
1592,3.25
1593,2.488
1594,4.528
1595,4.079
1596,4.924
1597,34.993
1598,40.093
1599,2.112
1600,36.7
1601,2.351
1602,2.486
1603,45.093
1604,39.176
1605,27.343
1606,3.408
1607,1.809
1608,33.662
1609,23.887
1610,50.587
1611,5.269
1612,50.299
1613,46.607
1614,23.222
1615,1.773
1616,4.616
1617,38.056
1618,6.49
1619,37.109
1620,36.545
1621,49.962
1622,46.974
1623,30.479
1624,2.749
1625,2.484
1626,6.57
1627,1.476
1628,5.173
1629,2.782
1630,4.08
1631,1.772
1632,28.86
1633,2.651
1634,2.587
1635,2.541
1636,4.734
1637,31.668
1638,3.219
1639,21.925
1640,2.107
1641,1.891
1642,2.629
1643,33.103
1644,23.179
1645,3.194
1646,4.474
1647,4.04
1648,2.841
1649,3.934
1650,2.516
1651,2.521
1652,26.282
1653,26.234
1654,2.334
1655,3.701
1656,3.636
1657,1.923
1658,3.761
1659,27.897
1660,4.373
1661,6.177
1662,42.215
1663,54.967
1664,1.502
1665,39.285
1666,3.192
1667,2.262
1668,38.003
1669,40.339
1670,3.539
1671,2.822
1672,2.489
1673,3.021
1674,6.444
1675,34.931
1676,1.979
1677,3.498
1678,3.927
1679,3.416
1680,4.854
1681,2.31
1682,2.891
1683,39.992
1685,31.952
1686,2.507
1687,3.008
1688,24.57
1689,35.095
1690,1.858
1691,4.739
1692,3.753
1693,2.044
1694,2.487
1695,2.782
1696,2.976
1697,3.056
1698,2.148
1699,3.374
1700,6.451
1701,1.778
1702,8.926
1703,5.108
1704,3.263
1705,2.197
1706,3.219
1707,47.854
1708,1.514
1709,3.704
1710,5.322
1711,2.302
1712,32.111
1713,1.547
1714,49.811
1715,4.623
1716,4.557
1717,41.107
1718,52.803
1719,1.661
1720,3.693
1721,37.505
1722,16.912
1723,18.516
1724,16.687
1725,2.719
1726,2.499
1727,3.088
1728,3.099
1729,5.337
1730,54.333
1731,2.259
1732,3.579
1733,3.018
1734,16.027
1735,36.325
1736,46.817
1737,25.884
1738,2.695
1739,1.609
1740,3.027
1741,33.686
1742,5.499
1743,2.572
1744,2.83
1745,3.713
1746,54.922
1747,1.993
1748,1.94
1749,1.901
1750,36.065
1751,3.672
1752,36.752
1753,27.417
1754,18.19
1755,1.641
1756,2.735
1757,43.412
1758,4.096
1759,1.763
1760,1.282
1761,36.596
1762,1.317
1763,2.758
1764,3.435
1765,21.263
1766,3.166
1767,3.605
1768,50.851
1769,9.751
1770,3.461
1771,7.827
1772,19.138
1773,1.79
1774,12.143
1775,5.0
1776,1.544
1777,1.621
1778,2.66
1779,4.194
1780,5.708
1781,2.648
1782,21.71
1783,6.219
1784,1.935
1785,3.218
1786,5.263
1787,2.281
1788,2.101
1789,31.624
1790,3.241
1791,39.878
1792,1.309
1793,45.357
1794,4.417
1795,28.725
1796,26.105
1797,2.515
1798,2.564
1799,38.875
1800,57.687
1801,2.263
1802,1.911
1803,2.327
1804,53.392
1805,5.011
1806,3.284
1807,5.485
1808,2.495
1809,34.516
1810,33.121
1811,23.704
1812,3.557
1813,39.994
1814,2.195
1815,2.188
1816,40.332
1817,2.859
1818,5.293
1819,27.418
1820,3.499
1821,10.786
1822,2.495
1823,38.837
1824,4.94
1825,2.425
1826,32.265
1827,54.496
1828,4.166
1829,2.494
1830,2.403
1831,3.71
1832,14.654
1833,50.291
1834,1.837
1835,46.863
1836,9.554
1837,2.223
1838,1.205
1839,47.309
1840,2.201
1841,4.099
1842,36.477
1843,15.253
1844,5.611
1845,27.387
1846,9.322
1847,2.654
1848,3.321
1849,36.661
1850,2.149
1851,13.041
1852,3.443
1853,2.221
1854,1.872
1855,1.967
1856,1.827
1857,4.82
1858,5.017
1859,4.369
1860,3.333
1861,29.308
1862,3.893
1863,14.295
1864,34.295
1865,2.183
1866,2.602
1867,38.316
1868,35.673
1869,3.054
1870,3.038
1871,4.936
1872,3.386
1873,4.053
1874,6.695
1875,2.839
1876,3.875
1877,20.016
1878,2.786
1879,45.014
1880,3.186
1881,6.57
1882,3.361
1883,5.421
1884,3.949
1885,6.231
1886,33.201
1887,1.733
1888,59.194
1889,1.939
1890,1.942
1891,26.55
1892,1.475
1893,4.52
1894,5.282
1895,2.968
1896,1.635
1897,4.124
1898,30.945
1899,5.099
1900,8.603
1901,2.109
1902,40.579
1903,3.568
1904,2.598
1905,2.459
1906,2.576
1907,3.639
1908,2.667
1909,8.324
1910,2.881
1911,7.829
1926,40.632
1932,36.681
1939,30.991
1945,53.278
1951,5.843
1955,39.533
1972,8.195
1973,8.338
1976,5.764
1991,4.07
1995,5.691
1998,5.722
2001,6.273
2004,6.013
2007,61.092
2009,5.831
2018,6.4
2024,6.665
2027,5.613
2032,49.738
2038,42.445
2039,39.033
2042,33.086
2054,55.609
2068,46.594
2071,45.132
2072,43.819
2081,56.48
2102,49.811
2111,53.508
2116,8.503
2117,42.518
2127,38.554
2128,38.801
2133,40.878
2135,33.345
2138,45.404
2143,38.241
2153,47.287
2157,5.079
2171,7.103
2174,41.429
2180,43.53
2183,51.405
2187,47.613
2189,52.481
2199,51.874
2203,34.892
2223,43.189
2224,45.667
2225,4.699
2247,44.335
2250,36.707
2254,34.046
2264,27.552
2267,28.331
2268,38.395
2279,43.48
2283,51.877
2284,4.278
2289,45.869
2292,54.302
2302,42.985
2319,44.338
2327,46.23
2336,55.637
2337,3.544
2364,7.679
2378,6.257
2384,54.571
2398,42.606
2417,27.163
2436,42.728
2445,29.487
2447,7.445
2451,41.089
2458,41.092
2459,7.233
2461,43.864
2463,43.36
2471,45.76
2472,26.225
2475,37.609
2491,40.048
2494,5.04
2498,34.524
2502,18.175
2508,42.521
2510,49.787
2511,45.543
2529,15.278
2533,41.146
2538,6.746
2543,123.385
2547,25.488
2571,9.748
2583,4.507
2589,29.888
2598,54.203
2617,37.004
2629,45.602
2635,9.222
2636,3.989
2640,7.273
2643,40.239
2647,4.376
2649,44.57
2653,30.902
2660,5.032
2704,1.219
2740,1.3
427,1.319
464,1.082
549,1.162
351,1.221
364,1.135
393,1.1
399,1.13
441,1.137
476,1.206
501,1.135
564,1.126
349,1.136
350,1.551
352,1.784
354,1.488
355,1.808
356,1.057
357,1.368
358,1.029
359,1.665
360,2.103
361,1.45
362,1.339
365,1.146
367,1.707
368,2.054
369,1.41
370,3.911
371,1.129
372,1.224
373,4.09
374,3.0
375,1.661
377,1.016
378,2.656
379,1.058
380,1.278
381,1.213
382,1.19
383,1.053
384,1.101
385,1.228
386,1.073
387,2.06
388,2.706
390,1.144
391,3.065
392,2.082
394,2.067
395,3.507
396,1.595
397,2.152
398,2.268
400,3.649
401,1.327
402,2.571
403,1.38
404,3.127
405,1.499
406,1.08
407,1.425
408,2.949
409,2.22
410,1.386
411,1.073
412,4.15
413,1.535
415,1.755
416,1.564
417,2.81
418,1.478
419,3.255
421,1.637
422,2.32
423,2.537
424,1.271
425,1.632
426,1.503
429,1.188
430,2.569
431,3.607
432,2.46
433,1.302
434,1.893
435,1.165
436,3.079
437,1.143
438,3.009
439,2.454
440,1.69
442,1.55
443,1.215
444,2.457
445,1.744
446,1.917
447,1.058
448,1.053
449,1.184
450,1.618
451,2.026
452,2.089
453,1.073
454,1.095
455,1.881
456,2.489
457,1.434
458,1.763
459,1.31
460,2.602
461,2.608
462,1.53
463,2.105
465,3.428
466,1.126
467,1.125
468,1.106
469,1.465
470,1.246
471,2.222
472,1.095
473,2.018
474,1.365
477,1.245
478,1.154
479,2.11
480,1.15
481,1.515
482,2.209
485,1.113
486,1.221
487,2.135
488,2.016
489,1.46
490,1.289
491,1.302
492,3.41
493,3.318
494,1.733
495,1.616
496,2.148
497,3.932
498,1.121
499,1.063
500,3.681
502,1.205
503,2.665
504,1.83
505,1.217
506,3.075
507,3.219
508,1.6
509,1.352
510,1.832
511,2.066
512,1.981
513,3.827
514,3.13
515,3.258
516,1.655
518,1.542
519,1.533
520,2.598
521,1.495
522,1.118
523,2.124
524,3.57
525,3.549
527,2.313
528,1.339
529,1.265
530,1.061
531,1.793
532,1.135
533,1.271
534,1.255
535,1.614
536,1.686
537,2.424
539,1.483
540,1.237
541,1.194
542,2.841
543,1.405
544,2.812
545,2.422
546,1.787
547,1.557
548,1.835
550,1.033
551,1.294
552,1.11
553,3.996
554,1.26
555,1.818
556,2.48
557,2.111
558,1.628
559,4.254
560,2.054
561,3.537
562,1.117
565,1.795
567,2.891
568,1.272
569,1.419
570,1.746
571,1.083
572,1.053
591,2.418
656,1.073
669,2.13
604,2.197
645,1.882
646,1.282
666,1.278
683,2.102
587,1.298
590,1.243
614,2.255
634,1.456
680,1.468
586,1.165
610,1.332
652,1.161
673,1.361
676,1.528
620,1.325
574,1.181
630,1.543
678,1.384
593,1.126
609,1.445
573,1.589
575,1.167
576,1.191
577,1.27
578,1.407
579,1.502
581,1.083
582,1.317
583,1.36
584,1.201
585,1.019
588,1.169
589,1.346
592,1.544
594,1.259
595,1.223
597,1.314
598,1.253
599,1.287
600,1.359
602,1.026
603,1.292
605,1.361
607,1.037
608,1.025
611,1.256
612,1.247
613,1.039
615,1.347
616,1.406
617,1.39
618,1.383
619,1.328
621,1.073
622,1.217
623,1.225
624,1.018
625,1.295
626,1.203
627,1.317
628,1.164
631,1.12
632,1.316
633,1.226
635,1.273
636,1.476
638,1.175
639,1.363
640,1.371
642,1.043
643,1.353
644,1.428
647,1.233
648,1.037
650,1.328
653,1.43
654,1.553
655,1.121
657,1.089
658,1.41
659,1.342
660,1.076
661,1.318
662,1.344
663,1.189
664,1.238
665,1.24
667,1.06
668,1.041
670,1.301
671,1.278
672,1.184
674,1.054
675,1.307
677,1.336
679,1.191
681,1.327
682,1.261
684,1.326
685,1.295
1967,3.415
3437,7.856
3454,1.266
3487,1.22
3723,1.142
3861,1.276
3961,1.138
3980,1.638
3989,1.075
4011,1.049
4031,1.125
686,3.196
687,1.432
688,1.77
689,1.106
690,1.178
691,1.08
692,1.037
693,1.269
694,1.851
695,1.66
696,1.508
697,1.76
698,1.865
699,1.039
700,1.12
701,1.34
702,1.107
703,1.641
704,1.079
705,2.024
706,1.325
707,1.133
708,1.531
709,1.241
710,1.136
711,1.322
712,1.193
713,2.079
714,1.183
715,1.163
716,1.245
717,1.05
718,1.434
719,2.025
720,1.276
721,1.095
722,1.204
723,1.189
724,1.72
725,1.122
726,1.62
727,1.421
728,1.61
729,1.214
730,1.199
731,1.467
732,1.158
733,1.145
734,1.354
735,1.094
736,1.191
737,1.294
738,1.448
739,1.434
740,1.116
741,1.264
742,1.208
743,1.072
744,1.053
745,1.917
746,1.115
747,1.918
748,1.311
749,1.04
750,1.054
751,1.185
752,1.642
753,1.249
754,1.499
755,1.323
756,1.195
757,1.088
758,1.304
759,1.182
760,1.512
761,1.145
762,1.23
763,1.159
764,1.434
765,1.253
766,1.591
767,1.095
768,1.199
769,1.252
770,1.363
771,1.174
772,1.375
773,1.559
774,1.582
775,1.053
776,1.113
777,1.357
778,1.239
779,1.283
780,1.568
781,1.84
782,1.19
783,1.247
784,1.622
785,1.068
786,1.124
787,1.435
788,1.067
789,1.189
790,1.084
791,1.097
792,1.37
793,1.323
794,1.295
795,1.301
796,1.098
797,1.372
798,1.107
799,1.213
800,1.563
801,1.036
802,1.071
803,1.327
804,1.221
805,1.981
806,1.205
807,1.283
808,1.152
809,1.281
810,1.576
811,1.13
812,1.144
813,1.151
814,1.399
815,1.595
816,1.144
817,1.45
818,1.215
819,1.626
820,1.621
821,1.153
822,1.171
823,1.879
824,1.913
825,1.1
826,1.179
827,1.702
828,2.09
829,1.491
830,1.868
831,1.246
832,1.097
833,1.209
834,1.804
835,1.334
836,1.162
837,1.232
838,1.336
839,1.184
840,1.458
841,1.054
842,1.662
843,1.235
844,1.273
845,1.393
846,1.115
847,1.507
848,1.309
849,1.46
850,1.16
851,1.073
852,1.055
853,1.761
854,1.094
855,1.05
856,1.609
890,1.119
857,1.218
858,1.082
859,1.023
860,1.071
861,1.126
862,1.441
863,1.131
864,1.06
865,1.045
866,1.08
867,1.109
868,1.061
869,1.086
870,1.086
871,1.057
872,1.079
873,1.056
874,1.071
875,1.018
876,1.132
877,1.051
878,1.133
879,1.071
880,1.157
881,1.086
882,1.081
883,1.006
884,1.046
885,1.106
886,1.113
887,1.068
888,1.121
889,1.157
891,1.03
892,1.023
893,1.091
894,1.037
895,1.06
3456,2.127
3495,2.077
3586,1.961
3621,1.233
3626,1.199
3797,1.817
3501,1.966
3517,1.373
3550,1.415
3577,1.983
3592,1.244
3609,1.577
3633,2.28
3677,2.142
3684,2.251
3721,1.698
3779,1.362
3872,1.264
3948,2.122
2678,1.253
2760,1.454
2822,1.512
2883,1.676
2941,1.39
2968,1.534
3005,2.094
3057,1.464
3136,2.35
3164,1.392
3222,1.455
3245,1.316
3248,1.655
3263,2.131
3278,1.525
3328,1.443
3361,1.58
3440,1.63
3525,1.83
3540,1.673
3556,1.343
3561,1.243
3651,1.708
3674,1.769
3692,1.853
3741,1.421
3750,1.548
3756,2.006
3830,2.75
3851,2.116
3877,2.067
3886,1.558
3943,1.54
3962,1.817
2677,1.457
2826,1.328
2724,2.728
2752,1.384
2775,1.477
2869,3.41
2892,1.942
2962,1.456
3001,1.916
3019,2.625
3100,2.185
3162,2.269
3168,2.303
3233,2.692
3295,2.187
3304,2.42
3331,1.853
3366,2.664
3404,1.522
3406,3.319
3412,2.035
2813,1.672
2971,1.296
3034,2.087
3178,1.564
3410,1.381
3420,1.496
2976,2.312
3011,2.094
3179,3.367
3289,1.559
1920,48.175
1941,112.934
1948,39.678
1959,41.649
2028,41.337
2047,53.223
2053,43.276
2065,17.903
2087,55.991
2125,45.191
2132,35.742
2134,34.099
2148,37.639
2149,45.969
2169,40.549
2191,32.897
2194,46.18
2196,38.73
2198,21.632
2239,22.897
2266,123.618
2282,50.986
2285,25.883
2293,29.447
2315,36.098
2328,50.425
2332,40.03
2333,60.315
2338,42.035
2347,131.436
2351,45.822
2368,27.745
2372,39.606
2385,26.736
2399,27.214
2420,39.341
2496,12.177
2501,28.449
2509,49.98
2512,45.801
2516,34.825
2530,15.687
2542,122.198
2555,53.223
2567,49.804
2592,47.149
2597,42.018
2608,36.146
2642,39.862
2725,1.523
2734,1.634
2764,1.602
2964,1.503
3020,1.742
3062,1.61
3079,2.102
3165,1.257
3205,1.428
3258,2.731
3386,2.816
3409,1.504
2693,1.351
2979,1.692
3101,4.58
3265,2.661
3385,2.367
1913,6.288
1916,27.814
1940,33.212
1947,44.83
1954,32.631
1994,31.105
2002,35.902
2010,34.632
2026,44.158
2052,42.939
2062,32.447
2101,27.873
2137,26.216
2144,31.139
2151,37.177
2163,15.182
2176,38.717
2215,22.663
2241,42.134
2246,37.966
2273,33.635
2294,45.706
2295,11.343
2298,7.168
2343,34.855
2344,39.258
2355,10.762
2377,31.386
2389,8.049
2394,36.815
2413,5.855
2419,36.865
2465,24.678
2468,114.138
2519,15.562
2544,16.881
2582,39.016
2588,36.304
2594,35.263
2605,9.91
2609,25.572
2616,37.145
2903,1.178
2938,1.892
2999,1.707
3201,4.142
3319,1.677
3355,2.746
3097,2.121
2707,1.412
3111,2.548
3186,1.673
2661,4.338
2662,1.912
2663,1.685
2664,4.034
2665,2.227
2666,3.267
2667,1.571
2668,1.543
2669,4.485
2670,1.356
2671,1.325
2672,2.27
2673,2.068
2674,3.692
2675,1.982
2676,3.976
2679,4.252
2680,2.84
2681,3.011
2682,1.453
2683,3.696
2684,1.81
2685,1.573
2686,1.676
2687,1.748
2688,1.297
2689,3.284
2690,1.81
2691,1.195
2692,1.261
2694,4.237
2695,1.575
2696,1.451
2697,1.362
2698,3.638
2699,1.198
2700,1.413
2701,2.144
2702,1.551
2703,1.364
2705,1.928
2706,3.309
2708,1.928
2709,1.488
2710,1.332
2711,1.638
2712,2.442
2713,1.865
2714,1.206
2715,1.963
2716,3.63
2717,3.614
2718,1.938
2719,3.989
2720,2.494
2721,1.072
2722,1.193
2723,1.402
2726,1.355
2727,1.413
2728,1.87
2729,2.746
2730,2.972
2731,1.859
2732,1.236
2733,1.76
2735,1.443
2736,1.222
2737,1.606
2738,3.511
2739,1.655
2741,3.082
2742,4.281
2743,2.863
2744,1.355
2745,2.012
2746,1.789
2747,1.492
2748,3.425
2749,3.079
2750,4.209
2751,1.917
2753,2.781
2754,4.852
2755,4.448
2756,2.563
2757,3.629
2758,2.062
2759,1.65
2761,1.804
2762,1.524
2763,3.461
2765,2.701
2766,1.422
2767,1.173
2768,1.925
2769,1.473
2770,2.436
2771,1.376
2772,1.911
2773,2.971
2774,1.212
2776,1.212
2777,4.154
2778,3.982
2779,1.523
2780,2.904
2781,3.097
2782,4.264
2783,2.022
2784,1.731
2785,2.325
2786,4.106
2787,2.598
2788,1.125
2789,1.432
2790,1.255
2791,1.417
2792,1.23
2793,3.753
2794,1.633
2795,1.51
2796,2.951
2797,1.94
2798,1.183
2799,1.246
2800,4.369
2801,1.449
2802,1.42
2803,1.548
2804,1.353
2805,1.254
2806,2.602
2807,1.595
2808,1.141
2809,1.566
2810,2.977
2811,1.505
2812,1.547
2815,3.033
2816,1.398
2817,1.268
2818,1.445
2819,1.686
2820,1.327
2821,1.539
2823,2.412
2824,1.183
2825,1.596
2827,3.856
2828,3.755
2829,1.811
2830,1.64
2831,1.536
2832,1.722
2833,3.811
2834,1.229
2835,2.937
2836,1.634
2837,1.357
2839,5.543
2840,1.8
2841,1.613
2842,1.151
2843,1.718
2844,1.742
2845,1.808
2846,1.982
2847,1.386
2848,1.619
2849,3.544
2850,2.414
2851,1.557
2852,1.593
2853,3.062
2854,1.961
2855,1.234
2856,1.564
2857,1.12
2858,1.356
2859,1.577
2860,1.212
2861,1.226
2862,3.665
2863,4.026
2864,4.004
2865,2.006
2866,3.646
2867,3.985
2868,1.556
2870,1.703
2871,2.086
2872,4.196
2873,3.413
2874,2.673
2875,2.546
2876,1.393
2877,4.597
2878,1.388
2879,1.359
2880,3.636
2881,2.313
2882,1.334
2884,1.285
2886,1.313
2887,2.479
2888,1.391
2889,1.355
2890,4.214
2891,1.74
2893,1.224
2894,2.916
2895,1.283
2896,2.64
2897,3.031
2898,1.331
2899,1.212
2900,1.39
2901,3.454
2902,1.142
2904,3.114
2905,3.794
2906,4.661
2907,2.092
2908,2.153
2909,3.914
2910,4.018
2911,3.649
2912,3.378
2913,3.824
2914,2.316
2915,3.874
2916,4.234
2917,1.729
2918,1.537
2919,3.446
2920,4.049
2921,2.117
2922,1.194
2923,1.491
2924,2.579
2925,3.804
2926,1.253
2927,4.284
2928,3.837
2929,2.592
2930,1.267
2931,2.686
2932,1.907
2933,1.374
2934,1.462
2935,1.311
2936,2.856
2937,2.976
2939,3.424
2940,3.708
2942,1.297
2943,3.704
2944,4.179
2945,3.101
2946,2.718
2947,1.386
2948,1.702
2949,1.445
2950,2.432
2951,3.437
2952,1.197
2953,2.506
2954,1.34
2955,1.957
2956,4.468
2957,1.385
2958,2.037
2959,1.362
2960,4.411
2961,1.39
2963,1.181
2965,1.619
2966,5.112
2967,1.817
2969,3.205
2970,2.626
2972,1.453
2973,3.297
2974,3.19
2975,1.316
2977,2.243
2978,1.593
2980,1.217
2981,1.802
2982,1.24
2983,1.347
2984,1.78
2985,3.18
2986,4.384
2987,1.947
2988,3.105
2989,3.02
2990,1.435
2991,3.062
2992,3.043
2993,2.845
2994,3.147
2995,1.545
2996,2.169
2997,1.441
2998,1.215
3000,4.058
3002,2.938
3004,2.918
3006,1.099
3007,2.008
3008,1.271
3009,1.669
3010,1.946
3012,1.261
3013,1.778
3014,2.844
3015,1.343
3016,2.015
3017,3.032
3018,1.679
3021,2.838
3022,4.19
3023,2.179
3024,1.352
3025,2.739
3026,4.449
3027,2.597
3028,1.464
3029,2.748
3030,1.429
3031,1.163
3032,1.626
3033,4.292
3035,3.926
3036,2.232
3037,1.183
3038,3.639
3039,1.656
3040,3.112
3041,1.83
3042,1.743
3043,1.413
3044,1.323
3045,1.238
3046,2.016
3047,2.998
3048,1.363
3049,3.553
3050,1.476
3051,4.11
3052,2.742
3053,1.401
3054,4.359
3055,1.199
3056,3.504
3058,1.477
3059,1.256
3060,3.566
3061,1.624
3063,1.212
3064,3.752
3065,3.087
3066,1.436
3067,1.401
3068,1.566
3069,1.472
3070,3.125
3071,1.095
3072,2.048
3073,3.062
3074,1.181
3075,1.643
3076,4.027
3077,2.234
3078,4.516
3080,1.977
3081,1.527
3082,4.781
3083,1.477
3084,3.473
3085,3.042
3086,1.798
3087,2.159
3088,1.584
3089,2.367
3090,4.552
3091,1.203
3092,1.415
3093,1.767
3094,1.326
3095,1.425
3096,3.865
3098,3.5
3099,1.425
3102,2.738
3103,1.404
3104,3.654
3105,1.368
3106,3.387
3107,2.33
3108,3.429
3109,1.66
3110,1.455
3112,1.479
3113,3.376
3114,2.454
3115,3.507
3116,4.187
3117,2.991
3118,2.189
3119,3.792
3120,3.646
3121,1.329
3122,1.327
3123,2.409
3124,1.835
3125,1.12
3126,1.224
3127,1.156
3128,1.219
3129,2.152
3130,1.341
3131,1.158
3132,3.81
3133,1.351
3134,1.22
3135,2.24
3137,2.407
3138,1.513
3139,1.528
3140,2.762
3141,1.259
3142,3.253
3143,1.193
3144,1.414
3145,3.251
3146,3.011
3147,1.252
3148,1.94
3149,3.413
3150,3.681
3151,1.325
3152,3.768
3153,1.338
3154,3.591
3155,1.281
3156,1.3
3157,1.359
3158,2.955
3159,1.29
3160,1.908
3161,1.15
3163,1.972
3166,2.199
3167,1.483
3169,3.327
3170,1.844
3171,1.549
3172,3.533
3174,3.968
3175,1.231
3176,1.63
3177,2.006
3180,1.218
3181,1.128
3182,3.015
3183,1.094
3184,3.174
3185,3.696
3187,1.692
3188,2.377
3189,1.656
3190,1.375
3191,2.023
3192,1.495
3193,1.735
3194,1.577
3195,3.939
3196,2.008
3197,1.237
3198,3.367
3199,1.704
3200,1.277
3202,1.551
3203,1.893
3204,2.524
3206,2.785
3207,1.965
3208,1.382
3209,1.745
3210,1.494
3211,1.61
3212,2.219
3213,2.067
3214,2.352
3215,1.574
3216,1.199
3217,1.256
3218,1.244
3219,1.906
3220,3.002
3221,1.594
3223,1.689
3224,2.653
3225,1.708
3226,4.06
3227,1.222
3228,2.209
3229,1.43
3230,1.254
3231,1.613
3232,4.501
3234,1.853
3235,1.312
3236,1.536
3237,2.123
3238,2.626
3239,3.155
3240,3.132
3241,1.458
3242,1.4
3243,1.885
3244,1.404
3246,1.49
3247,3.266
3249,1.428
3250,2.229
3251,1.282
3252,3.818
3253,2.325
3254,1.382
3255,1.844
3256,2.585
3257,2.204
3259,1.925
3260,2.167
3261,2.804
3262,1.879
3264,1.719
3266,1.471
3267,3.552
3268,1.137
3269,1.295
3270,1.204
3271,1.214
3272,2.529
3273,1.614
3274,2.866
3275,1.578
3276,1.428
3277,3.324
3279,1.687
3280,4.213
3281,1.385
3282,1.173
3283,1.314
3284,3.475
3285,1.72
3286,1.748
3287,2.544
3288,2.742
3291,4.752
3292,1.341
3293,2.874
3294,1.873
3296,2.163
3297,2.888
3298,2.238
3299,2.833
3300,1.58
3301,2.366
3302,2.785
3303,2.287
3305,1.218
3306,1.474
3307,1.555
3308,1.247
3309,1.407
3310,1.279
3311,1.338
3312,1.435
3313,1.659
3314,1.325
3315,1.379
3316,2.385
3317,1.272
3318,1.42
3320,4.29
3321,3.193
3322,1.277
3323,1.35
3324,3.883
3325,1.456
3326,1.541
3327,2.26
3329,1.526
3330,3.538
3332,3.173
3333,1.088
3334,1.239
3335,3.242
3336,1.155
3337,1.659
3338,1.296
3339,3.606
3340,1.536
3341,1.89
3342,2.989
3343,1.356
3344,3.165
3345,2.979
3346,1.934
3347,3.164
3348,3.903
3349,1.431
3350,3.322
3351,3.801
3352,1.629
3353,2.862
3354,1.206
3356,1.636
3357,1.472
3358,1.373
3359,1.49
3360,3.059
3362,3.985
3363,5.413
3364,2.926
3365,2.09
3367,1.464
3368,1.326
3369,1.883
3370,1.304
3371,1.462
3372,1.286
3373,1.524
3374,1.276
3375,1.184
3376,1.254
3377,1.898
3378,3.117
3379,1.72
3380,1.79
3381,3.044
3382,1.478
3383,1.56
3384,2.969
3387,4.393
3388,1.408
3389,1.227
3390,1.954
3391,3.02
3392,1.617
3393,1.497
3394,1.939
3395,1.885
3396,3.283
3397,4.687
3398,1.238
3399,2.445
3400,2.55
3401,1.24
3402,1.416
3403,2.444
3405,1.425
3407,1.35
3408,1.182
3411,3.165
3413,1.274
3414,1.808
3415,1.836
3416,2.633
3417,3.886
3418,1.383
3419,3.225
3421,1.591
3422,2.425
3423,1.348
3424,1.183
3425,1.215
3426,4.902
3427,1.233
3428,1.292
3429,1.193
3430,1.558
3431,1.784
3432,1.328
3433,3.568
3434,4.325
3435,2.867
3436,1.308
2003,15.465
2031,14.96
2155,14.973
2185,6.371
2325,23.804
2330,19.458
1914,4.12
1915,2.361
1917,121.441
1918,111.805
1919,7.048
1921,5.976
1922,4.134
1923,15.428
1924,2.549
1925,96.075
1927,6.124
1928,4.138
1929,106.229
1930,3.687
1931,5.628
1933,2.722
1934,2.493
1935,4.539
1936,3.527
1937,2.938
1938,117.917
1942,32.213
1943,123.089
1944,7.314
1946,120.742
1949,2.284
1950,2.92
1952,6.3
1953,96.879
1956,2.563
1957,3.33
1958,6.464
1960,5.311
1961,1.852
1962,118.057
1963,73.547
1964,19.697
1965,3.821
1966,113.036
1968,5.925
1969,2.854
1970,21.354
1971,115.638
1974,2.636
1975,3.878
1977,2.513
1978,2.942
1979,110.846
1980,5.407
1981,21.77
1982,8.431
1983,120.53
1984,116.693
1985,124.984
1986,108.048
1987,15.155
1988,4.49
1989,72.389
1990,2.814
1992,2.862
1993,124.781
1996,2.628
1997,102.846
1999,4.519
2000,3.048
2005,102.022
2006,6.739
2008,2.325
2011,3.179
2012,3.359
2013,2.784
2014,2.616
2015,3.085
2016,3.572
2017,2.911
2019,11.453
2020,111.162
2021,38.606
2022,6.19
2023,5.802
2025,4.051
2029,11.54
2030,118.918
2033,117.82
2034,4.479
2035,4.123
2036,5.913
2037,114.999
2040,104.886
2041,2.704
2043,108.213
2044,17.103
2045,114.063
2046,93.414
2048,8.284
2049,4.273
2050,3.674
2051,1.69
2055,67.173
2056,83.64
2057,20.73
2058,68.242
2059,121.78
2060,82.818
2061,7.392
2063,104.917
2064,121.511
2066,4.468
2067,23.563
2069,113.378
2070,3.145
2073,121.275
2074,114.765
2075,16.182
2076,2.684
2077,99.929
2078,125.196
2079,2.503
2080,4.067
2082,4.448
2083,103.278
2084,96.245
2085,7.695
2086,105.262
2088,119.443
2089,3.051
2090,122.657
2091,3.82
2092,26.149
2093,118.28
2094,2.954
2095,113.885
2096,7.911
2097,3.096
2098,95.38
2099,8.169
2100,2.622
2103,117.777
2104,122.823
2105,1.374
2106,1.507
2107,4.604
2108,116.475
2109,102.741
2110,16.536
2112,111.033
2113,2.558
2114,3.185
2115,102.541
2118,125.366
2119,3.678
2120,3.581
2121,111.667
2122,101.098
2123,125.377
2124,113.854
2126,6.022
2129,4.576
2130,2.867
2131,120.215
2136,64.931
2139,116.157
2140,114.263
2141,5.672
2142,128.189
2145,9.447
2146,3.108
2147,27.765
2150,116.209
2152,3.779
2154,114.277
2156,4.364
2158,2.309
2159,4.968
2160,3.024
2161,26.644
2162,3.391
2164,82.582
2165,97.973
2166,3.865
2167,2.534
2168,1.901
2170,3.829
2172,117.015
2173,4.442
2175,3.892
2177,7.097
2178,2.605
2179,84.291
2181,4.371
2182,3.236
2184,121.868
2186,4.929
2188,117.622
2190,114.417
2192,4.663
2193,3.458
2195,2.312
2197,3.581
2200,118.779
2201,120.718
2202,5.034
2204,3.428
2205,4.267
2206,124.829
2207,7.218
2208,16.275
2209,10.624
2210,80.905
2211,11.025
2212,104.204
2213,79.913
2214,7.839
2216,103.184
2217,2.818
2218,123.327
2219,3.018
2220,122.97
2221,13.557
2222,11.486
2226,12.686
2227,3.594
2228,4.135
2229,123.998
2230,3.771
2231,4.665
2232,25.864
2233,125.053
2234,18.315
2235,25.659
2236,3.992
2237,99.281
2238,1.944
2240,122.091
2242,13.121
2243,21.88
2244,125.677
2245,1.9
2248,2.67
2249,8.72
2251,3.494
2252,5.736
2253,107.387
2255,3.017
2256,3.898
2257,111.039
2258,50.198
2259,23.693
2260,3.286
2261,95.405
2262,8.206
2263,3.324
2265,3.271
2269,2.527
2270,6.031
2271,117.637
2272,9.993
2274,11.388
2275,122.628
2276,111.161
2277,3.163
2278,108.996
2280,22.473
2281,2.507
2286,3.407
2287,64.108
2288,11.06
2290,116.284
2291,5.1
2296,6.892
2297,5.672
2299,109.117
2300,89.343
2301,2.961
2303,21.04
2304,25.316
2305,7.167
2306,96.689
2307,104.276
2308,111.596
2309,125.518
2310,9.707
2311,48.412
2312,4.734
2313,11.959
2314,4.02
2316,2.418
2317,4.23
2318,7.995
2320,2.879
2321,3.449
2322,7.535
2323,117.083
2324,121.948
2326,119.052
2329,96.485
2331,121.876
2334,104.4
2335,5.276
2339,112.795
2340,122.71
2341,2.087
2342,4.295
2345,21.37
2346,4.653
2348,107.094
2349,2.316
2350,22.317
2352,118.54
2353,78.045
2354,115.059
2356,114.556
2357,4.063
2358,2.656
2359,106.676
2360,2.879
2361,5.843
2362,5.275
2363,114.97
2365,6.497
2366,8.828
2367,16.157
2369,117.648
2370,112.526
2371,5.466
2373,2.383
2374,115.888
2375,2.36
2376,112.426
2379,10.146
2380,2.423
2381,117.671
2382,3.052
2383,24.745
2386,106.183
2387,35.493
2388,2.475
2390,17.732
2391,59.035
2392,77.89
2393,23.611
2395,115.736
2396,20.495
2397,5.467
2400,6.846
2401,4.274
2402,3.451
2403,4.556
2404,111.015
2405,3.895
2406,8.347
2407,74.367
2408,107.428
2409,117.333
2410,123.64
2411,4.004
2412,4.317
2414,114.639
2415,12.707
2416,9.285
2418,92.507
2421,2.331
2422,2.622
2423,108.656
2424,2.335
2425,9.355
2426,5.461
2427,25.196
2428,113.838
2429,70.168
2430,103.39
2431,3.368
2432,10.398
2433,104.381
2434,32.008
2435,3.814
2437,3.231
2438,23.765
2439,2.449
2440,4.708
2441,2.395
2442,5.099
2443,11.205
2444,2.899
2446,108.993
2448,3.879
2449,32.457
2450,2.649
2452,3.886
2453,3.992
2454,12.683
2455,2.727
2456,2.561
2457,2.759
2460,109.539
2462,82.332
2464,123.538
2466,2.969
2467,100.246
2469,107.191
2470,2.971
2473,17.359
2474,4.963
2476,29.846
2477,90.409
2478,68.267
2479,15.589
2480,9.425
2481,2.172
2482,107.447
2483,2.935
2484,95.581
2485,102.171
2486,3.158
2487,3.022
2488,4.822
2489,83.991
2490,3.465
2492,119.184
2493,3.044
2495,106.575
2497,3.671
2499,75.549
2500,111.253
2503,2.651
2504,106.156
2505,2.349
2506,95.608
2507,121.524
2513,2.65
2514,4.449
2515,2.66
2517,2.184
2518,20.914
2520,110.226
2521,106.973
2522,8.834
2523,2.589
2524,15.264
2525,11.441
2526,116.107
2527,3.01
2528,3.806
2531,8.825
2532,86.171
2534,5.11
2535,1.893
2536,54.61
2537,31.735
2539,102.92
2540,4.136
2541,2.437
2545,4.319
2546,107.913
2548,2.653
2549,110.636
2550,111.213
2551,105.629
2552,90.551
2553,109.702
2554,84.469
2556,95.088
2557,9.128
2558,3.307
2559,114.76
2560,122.454
2561,114.506
2562,3.146
2563,92.731
2564,115.628
2565,2.809
2566,4.928
2568,5.458
2569,2.778
2570,3.299
2572,12.451
2573,107.58
2574,87.704
2575,102.689
2576,37.214
2577,3.004
2578,113.004
2579,101.905
2580,3.56
2581,9.505
2584,7.253
2585,3.489
2586,126.073
2587,4.07
2590,118.668
2591,78.948
2593,119.837
2595,2.646
2596,2.394
2599,9.829
2600,116.871
2601,118.827
2602,121.316
2603,22.647
2604,116.593
2606,71.479
2607,125.105
2610,12.554
2611,121.569
2612,7.117
2613,33.053
2614,4.094
2615,120.092
2618,5.434
2619,110.518
2620,6.196
2621,2.844
2622,8.753
2623,99.377
2624,115.338
2625,120.385
2626,4.656
2627,4.399
2628,3.633
2630,113.165
2631,91.265
2632,3.391
2633,5.435
2634,2.74
2637,7.87
2638,115.619
2639,3.73
2641,5.578
2644,3.647
2645,5.681
2646,100.405
2648,5.837
2650,3.044
2651,3.134
2652,15.166
2654,108.585
2655,117.705
2656,2.569
2657,5.156
2658,4.548
2659,4.805
3438,1.489
3439,1.173
3441,1.122
3442,1.686
3443,1.374
3444,1.102
3445,1.232
3446,1.164
3447,1.096
3448,1.921
3449,1.851
3450,1.39
3451,1.071
3452,1.308
3453,1.058
3455,1.564
3457,1.157
3458,1.321
3459,1.27
3460,1.492
3461,1.169
3462,1.408
3463,1.41
3464,1.426
3465,1.278
3466,1.446
3467,1.113
3468,1.514
3469,1.509
3470,1.277
3471,1.493
3472,1.297
3473,1.293
3474,1.314
3475,1.596
3476,1.223
3477,1.119
3478,1.305
3479,1.245
3480,1.491
3481,1.255
3482,1.21
3483,1.267
3484,1.286
3485,1.468
3486,1.492
3488,1.926
3489,1.199
3490,1.28
3491,1.454
3492,1.317
3493,1.322
3494,1.133
3496,1.372
3497,1.561
3498,1.305
3499,1.343
3500,1.354
3502,1.23
3503,1.252
3504,1.12
3505,1.317
3506,1.718
3507,1.254
3508,1.373
3509,1.412
3510,1.323
3511,1.446
3512,1.241
3513,1.147
3514,1.795
3515,1.299
3516,1.222
3518,1.683
3519,1.296
3520,1.24
3521,1.954
3522,1.15
3523,1.255
3524,1.296
3526,1.51
3527,1.487
3528,1.675
3529,1.543
3530,1.142
3531,1.189
3532,1.277
3533,1.275
3534,1.324
3535,1.307
3536,1.181
3537,1.1
3538,1.309
3539,1.294
3541,1.26
3542,1.672
3543,1.154
3544,1.209
3545,2.504
3546,1.243
3547,1.251
3548,1.196
3549,1.295
3551,1.21
3552,1.223
3553,1.526
3554,1.337
3555,1.311
3557,1.516
3558,1.685
3559,1.47
3560,1.156
3562,1.353
3563,1.375
3564,1.321
3565,1.048
3566,1.163
3567,1.254
3568,1.594
3569,1.479
3570,1.063
3571,1.37
3572,1.183
3573,1.52
3574,1.339
3575,1.136
3576,1.826
3578,1.414
3579,1.29
3580,1.207
3581,1.235
3582,1.136
3583,1.226
3584,1.618
3585,1.196
3587,1.21
3588,1.116
3589,1.151
3590,1.422
3591,1.348
3593,1.764
3594,1.183
3595,1.293
3596,2.578
3597,1.137
3598,1.172
3599,1.477
3600,1.172
3601,1.349
3602,1.368
3603,1.241
3604,2.419
3605,1.777
3606,1.123
3607,1.212
3608,1.341
3610,1.26
3611,1.974
3612,1.38
3613,1.285
3614,1.209
3615,1.391
3616,1.165
3617,1.503
3618,1.385
3619,1.079
3620,1.286
3622,1.286
3623,1.369
3624,1.206
3625,1.647
3627,1.402
3628,1.412
3629,1.735
3630,1.214
3631,1.274
3632,1.067
3634,1.295
3635,1.529
3636,1.473
3637,1.176
3638,1.248
3639,1.239
3640,1.765
3641,1.153
3642,1.508
3643,1.421
3644,1.163
3645,1.306
3646,1.345
3647,1.138
3648,1.375
3649,1.308
3650,1.118
3652,1.166
3653,1.159
3654,1.238
3655,1.222
3656,1.45
3657,1.258
3658,1.325
3659,1.193
3660,1.143
3661,1.151
3662,1.287
3663,1.281
3664,1.205
3665,1.117
3666,1.283
3667,1.481
3668,1.21
3669,1.178
3670,1.494
3671,1.253
3672,1.839
3673,1.127
3675,1.255
3676,1.143
3678,1.111
3679,1.219
3680,1.634
3681,1.203
3682,1.124
3683,1.356
3685,1.269
3686,1.184
3687,1.733
3688,1.087
3689,1.133
3690,1.456
3691,1.12
3693,1.564
3694,1.114
3695,1.211
3696,1.287
3697,1.483
3698,1.384
3699,1.113
3700,1.204
3701,1.267
3702,1.743
3703,1.319
3704,1.087
3705,1.594
3706,1.42
3707,1.503
3708,1.291
3709,1.068
3710,1.441
3711,1.512
3712,1.293
3713,1.451
3714,1.462
3715,1.281
3716,1.144
3717,1.12
3718,1.543
3719,1.344
3720,1.146
3722,1.498
3724,1.178
3725,1.285
3726,1.297
3727,1.119
3728,1.441
3729,1.079
3730,1.533
3731,1.685
3732,1.086
3733,1.084
3734,1.87
3735,1.248
3736,1.296
3737,1.732
3738,1.365
3739,1.255
3740,1.483
3742,1.109
3743,1.3
3744,1.109
3745,1.165
3746,1.086
3747,1.303
3748,1.129
3749,1.181
3751,1.142
3752,1.33
3753,1.36
3754,1.135
3755,1.195
3757,1.246
3758,1.773
3759,1.304
3760,1.416
3761,1.417
3762,1.374
3763,1.224
3764,1.533
3765,1.116
3766,1.149
3767,1.235
3768,1.346
3769,1.213
3770,1.19
3771,1.167
3772,1.157
3773,1.307
3774,1.293
3775,1.172
3776,1.306
3777,1.225
3778,1.257
3780,1.335
3781,1.095
3782,1.502
3783,1.213
3784,1.284
3785,1.488
3786,1.373
3787,1.172
3788,1.283
3789,1.137
3790,1.807
3791,1.306
3792,1.36
3793,1.736
3794,1.556
3795,1.085
3796,1.232
3798,1.054
3799,1.301
3800,1.982
3801,1.082
3802,1.294
3803,1.364
3804,1.854
3805,1.148
3806,1.112
3807,1.08
3808,1.09
3809,1.272
3810,1.531
3811,1.101
3812,1.165
3813,1.179
3814,1.132
3815,1.228
3816,1.105
3817,1.224
3818,1.308
3819,1.316
3820,1.04
3821,1.468
3822,1.495
3823,1.242
3824,1.976
3825,1.487
3826,1.461
3827,1.201
3828,1.543
3829,1.501
3831,1.453
3832,1.299
3833,1.491
3834,1.15
3835,1.395
3836,1.357
3837,1.255
3838,2.059
3839,1.155
3840,1.221
3841,1.611
3842,1.805
3843,1.167
3844,1.121
3845,1.463
3846,1.096
3847,1.208
3848,1.144
3849,1.12
3850,1.368
3852,1.567
3853,1.065
3854,1.083
3855,1.25
3856,1.061
3857,1.171
3858,1.626
3859,1.194
3860,1.673
3862,1.396
3863,1.235
3864,1.169
3865,1.109
3866,1.287
3867,1.4
3868,1.3
3869,1.509
3870,1.47
3871,1.142
3873,1.769
3874,1.228
3875,1.117
3876,1.222
3878,1.188
3879,1.11
3880,1.238
3881,1.362
3882,1.113
3883,1.302
3884,1.699
3885,1.131
3887,1.093
3888,1.203
3889,1.399
3890,1.108
3891,1.399
3892,1.201
3893,1.18
3894,1.179
3895,1.239
3896,1.4
3897,1.083
3898,1.276
3899,1.099
3900,1.537
3901,1.141
3902,1.842
3903,1.321
3904,1.174
3905,1.15
3906,1.76
3907,1.4
3908,1.261
3909,1.437
3910,1.145
3911,1.176
3912,1.218
3913,1.386
3914,1.175
3915,1.413
3916,1.07
3917,1.267
3918,1.487
3919,1.226
3920,1.254
3921,1.521
3922,1.115
3923,1.158
3924,1.556
3925,1.157
3926,1.787
3927,1.346
3928,1.095
3929,1.333
3930,1.802
3931,1.406
3932,1.136
3933,1.377
3934,1.202
3935,1.122
3936,1.2
3937,1.278
3938,2.511
3939,1.105
3940,1.232
3941,1.202
3942,1.106
3944,1.303
3945,1.498
3946,1.109
3947,1.496
3949,1.263
3950,1.252
3951,1.494
3952,1.118
3953,1.156
3954,1.108
3955,1.109
3956,1.418
3957,1.342
3958,1.214
3959,1.11
3960,1.285
3963,1.169
3964,1.24
3965,1.124
3966,1.849
3967,1.228
3968,1.814
3969,1.411
3970,1.124
3971,1.873
3972,1.336
3973,1.153
3974,1.103
3975,1.191
3976,1.298
3977,1.2
3978,1.109
3979,1.243
3981,1.098
3982,1.18
3983,1.017
3984,1.014
3985,1.06
3986,1.124
3987,1.033
3988,1.087
3990,1.038
3991,1.03
3992,1.056
3993,1.08
3994,1.133
3995,1.124
3996,1.043
3997,1.147
3998,1.151
3999,1.052
4000,1.096
4001,1.021
4002,1.073
4003,1.084
4004,1.111
4005,1.047
4006,1.036
4007,1.054
4008,1.01
4009,1.107
4010,1.013
4012,1.034
4013,1.083
4014,1.135
4015,1.02
4016,1.065
4017,1.1
4018,1.081
4019,1.088
4020,1.091
4021,1.125
4022,1.028
4023,1.21
4024,1.013
4025,1.034
4026,1.09
4027,1.079
4028,1.019
4029,1.023
4030,1.223
4032,1.024
4033,1.049
4034,1.038
4035,1.019
4036,1.026
4037,1.038
4038,1.089
